{
    "ci filter": {
      "aperture": {
        "bthresh": 1.5,
        "lookup_ci_limits_from_table": true,
        "ci_lower_limit": 0.9,
        "ci_upper_limit": 1.23
      },
      "segment": {
        "bthresh": 5.0,
        "lookup_ci_limits_from_table": true,
        "ci_lower_limit": 0.9,
        "ci_upper_limit": 1.23
      }
    },
    "swarm filter": {
      "HLA_plate_scale": 0.05,
      "upper_epp_limit": 70000.0,
      "lower_epp_limit": 2000.0,
      "eppsky_limit": 1000.0,
      "selfradius": 20.0,
      "swarm_thresh": 1.0,
      "clip_radius_list": [120.0, 100.0, 80.0, 60.0, 40.0, 30.0, 20.0, 10.0, 5.0, 2.0, 0.0],
      "scale_factor_list": [0.0, 0.000000e+00, 6.498530e-06, 3.687270e-05, 1.412972e-04, 3.151877e-04, 1.023391e-03, 3.134859e-03, 2.602436e-02, 1.820539e-01, 1.000000e+00],
      "proximity_binary": false,
      "ctrList_radiusList": [40, 35, 20, 15, 10],
      "ctrList_thresholdList": [100000, 70000, 50000, 10000, 2000]
    }
}
